Age_Group,Gender,Position,Field_of_Study,Employment_Status,Work_Experience,Income_Annual,Residence,Familiarity_with_AI,Belief_of_Job_Displacement,Job_Concern,Awareness_of_Job_Creation,Training_Likelihood,Reskill_Priority,Training_Confidence,Guidance_Likelihood,Awareness_of_Vulnerable_Industries,Adaptation_Confidence,Belief_of_Job_Opportunities,Entrepreneurship_Likelihood,Entrepreneurship_Awareness,Ethical_Concern,Belief_of_Education_Preparation,Participation_Likelihood,Government_Confidence,Belief_of_Collaboration,Skill_Informedness,Job_Confidence,Information_Seeking_Likelihood,Skills_Gap_Concern,Government_Initiatives_Awareness,Career_Transition_Likelihood,Lifelong_Learning_Likelihood
2,1,4,5,1,1,2,1,3,4,2,2,4,4,4,2,2,2,4,4,1,3,2,2,2,4,2,4,4,3,1,3,3
3,0,4,4,1,4,2,1,1,2,1,1,5,4,3,4,3,4,4,4,1,3,2,4,2,5,1,2,3,3,1,4,4
3,1,4,4,1,5,2,1,3,2,4,4,4,3,3,4,4,4,3,3,4,4,4,4,4,4,3,1,4,4,4,3,4
3,0,4,3,1,5,2,1,4,3,3,4,3,3,3,4,1,2,4,4,1,2,2,4,2,4,2,4,3,3,4,3,3
2,1,4,2,1,4,2,1,3,4,1,1,3,4,1,3,3,3,4,4,4,3,4,4,2,5,4,5,5,5,4,3,5
2,0,3,1,1,5,2,1,3,5,1,3,4,4,1,4,3,3,5,5,3,1,2,5,2,5,1,5,3,4,3,2,3
3,0,3,2,1,5,4,1,3,5,1,3,5,5,3,5,2,3,4,4,2,1,2,5,2,5,2,5,4,2,3,4,4
2,1,3,2,1,3,4,1,4,4,1,3,4,4,4,4,1,3,4,3,2,3,4,3,4,4,4,5,4,3,3,3,4
2,1,3,1,1,3,3,1,4,4,2,2,4,4,2,2,3,4,3,5,4,3,1,3,1,5,3,4,4,3,2,4,4
3,1,3,5,1,5,3,3,4,1,1,4,4,4,2,3,2,4,2,3,2,3,4,4,2,5,3,3,3,2,2,3,3
3,1,3,2,1,5,4,1,3,4,1,2,4,4,1,4,1,3,4,4,1,2,3,4,2,4,2,5,3,2,1,2,4
3,1,3,4,1,5,3,1,3,4,3,3,4,4,3,4,3,3,4,4,3,2,4,4,2,4,2,2,4,2,3,4,4
3,1,3,4,1,5,3,1,3,4,3,3,4,4,3,4,2,4,4,5,3,3,2,4,3,4,3,3,4,4,4,4,4
2,1,3,5,1,4,5,3,4,2,1,3,4,3,4,4,3,4,4,4,2,1,2,4,1,4,1,4,4,2,1,3,4
2,1,3,1,1,3,2,1,4,1,1,5,5,5,2,5,1,5,5,4,4,1,2,5,3,5,3,5,4,3,3,3,5
2,1,3,1,1,4,3,1,5,4,1,5,5,5,2,5,1,5,5,4,4,1,2,5,3,4,3,5,4,3,3,4,4
3,1,3,1,1,4,3,1,3,4,3,2,4,4,3,4,3,4,3,4,2,2,4,3,2,4,2,4,4,3,3,4,4
2,1,3,4,1,4,2,3,3,4,1,3,4,4,2,3,2,2,3,3,1,2,1,4,1,4,2,4,3,3,2,3,3
2,0,3,2,1,1,2,1,3,3,1,2,4,4,2,3,2,3,3,3,3,2,4,4,4,5,4,5,3,2,4,4,4
3,1,3,3,1,5,2,1,3,2,2,4,4,4,2,4,1,4,2,2,2,1,2,4,3,4,2,4,4,2,1,2,5
2,1,3,4,1,3,2,1,3,2,1,3,4,5,2,3,1,4,4,4,1,2,2,1,3,5,2,5,4,4,2,1,5
2,1,2,1,0,6,1,2,4,2,2,2,4,4,2,4,4,4,4,3,4,4,4,4,4,4,3,4,4,4,3,3,4
2,1,2,1,1,1,5,1,4,2,1,3,4,4,2,3,2,4,4,4,3,2,1,3,1,5,2,4,3,2,1,4,3
1,1,2,2,0,6,2,2,1,5,4,3,4,4,4,4,3,4,4,4,4,4,4,1,1,4,1,1,4,1,1,2,4
1,1,2,2,0,6,2,1,2,3,3,3,3,3,3,3,3,3,3,3,3,3,3,3,3,3,3,3,3,3,3,3,3
2,1,2,4,0,6,2,2,3,4,2,2,4,4,3,4,1,3,4,1,1,1,5,4,4,4,4,2,2,3,1,3,4
2,1,2,2,0,6,1,1,4,2,1,3,4,4,2,3,1,3,4,2,3,3,4,4,3,4,3,3,3,2,3,4,3
1,0,2,3,0,6,2,1,1,5,1,4,3,1,1,3,3,2,3,2,2,1,1,1,1,1,1,1,2,1,2,4,3
1,1,2,3,1,2,1,1,3,4,4,4,4,4,4,3,3,3,4,4,4,4,4,4,4,4,3,5,5,5,4,4,4
2,1,2,4,0,6,2,2,2,4,3,3,4,4,3,4,3,3,4,4,3,3,2,3,3,4,3,2,2,3,3,3,3
2,1,2,1,0,1,3,2,2,2,3,3,4,4,2,4,2,2,4,4,4,2,2,4,2,4,3,1,4,3,2,4,5
1,0,2,2,0,6,2,3,3,4,3,3,4,4,3,4,3,3,4,4,3,3,4,4,3,4,2,1,4,3,4,4,4
2,0,2,2,0,6,2,1,3,2,3,3,4,4,2,5,3,3,2,4,2,3,2,4,2,4,3,2,4,3,3,4,3
2,0,2,2,0,6,2,2,3,4,3,2,4,4,3,4,3,2,2,5,2,1,2,4,3,4,1,1,4,2,1,4,4
2,1,2,1,0,6,2,2,2,4,1,2,4,4,2,4,4,2,4,2,4,1,2,4,2,2,4,4,4,2,2,4,4
2,1,2,2,0,6,2,1,3,2,1,3,3,2,3,3,2,2,4,3,1,2,2,4,1,4,4,3,5,5,1,3,4
2,1,2,5,1,2,2,1,2,4,1,1,1,3,2,3,2,3,4,2,3,3,3,3,4,2,2,3,3,2,2,4,2
1,0,2,2,0,6,2,1,4,4,2,3,4,5,2,5,4,2,2,4,2,3,1,4,2,5,2,3,2,2,3,2,4
1,1,2,1,0,6,5,1,4,3,3,4,4,5,4,5,3,3,3,3,4,2,2,5,3,4,4,2,4,4,4,4,4
2,1,2,5,0,6,2,1,4,2,2,3,4,5,3,2,2,2,4,4,3,4,4,4,3,5,3,3,3,3,3,4,4
2,0,2,4,0,6,2,1,2,2,1,3,4,3,2,3,1,2,2,3,2,2,4,3,2,4,2,1,3,2,2,3,4
2,0,2,2,0,6,1,1,1,4,2,2,3,4,2,3,1,2,3,3,2,2,2,1,1,4,1,1,3,1,2,3,4
2,1,2,4,0,6,2,2,1,3,1,1,2,3,2,2,2,2,1,1,1,1,3,3,1,2,1,2,3,2,2,3,3
1,0,2,2,0,6,2,1,3,3,4,2,4,3,2,3,3,4,4,3,2,3,4,2,3,4,2,1,4,3,3,2,3
1,1,2,2,1,2,2,2,1,1,1,2,2,2,3,1,2,2,2,1,2,2,2,2,2,2,2,3,2,2,1,1,2
2,1,2,4,0,6,1,2,2,4,2,2,3,3,3,2,3,3,3,4,2,4,4,4,3,4,3,4,4,3,4,4,4
1,0,2,2,0,6,5,2,2,3,2,2,3,3,2,3,3,2,4,3,1,2,3,3,2,4,2,3,2,2,1,3,3
1,1,2,3,0,1,1,1,3,5,4,3,4,4,3,3,2,3,3,2,4,4,3,4,3,4,3,3,2,3,3,4,3
1,1,2,3,0,6,2,3,3,4,4,4,4,4,2,2,2,4,4,4,1,2,3,3,2,4,4,2,3,3,2,3,4
2,1,2,2,0,6,1,1,2,4,3,3,4,4,4,2,2,2,4,3,2,3,2,3,2,4,2,1,3,3,2,3,3
2,1,2,2,0,6,2,3,2,1,2,4,5,5,4,3,1,4,4,4,3,3,3,4,4,5,4,2,4,5,4,4,4
2,0,2,2,0,6,2,1,3,3,3,4,3,4,4,3,3,4,3,4,4,4,4,4,3,3,4,4,4,4,4,4,4
1,0,2,2,0,6,5,2,2,2,1,4,3,4,4,2,1,2,4,4,1,2,2,4,2,4,4,1,3,3,3,3,4
2,1,2,2,0,6,2,1,2,2,1,2,2,4,2,1,1,2,4,3,2,2,1,2,2,4,3,3,1,3,1,3,3
2,1,2,2,0,6,2,2,2,4,1,2,3,3,2,1,5,4,2,3,3,3,3,3,1,4,1,3,1,5,1,2,3
2,1,2,1,0,6,5,2,1,4,1,4,4,5,4,4,1,4,5,4,4,4,4,4,4,5,5,5,5,5,5,5,5
1,1,2,1,0,6,1,1,2,4,4,2,3,4,3,3,2,3,3,4,4,3,3,4,3,1,2,3,5,3,3,4,4
2,1,2,2,0,6,2,2,2,4,4,4,5,4,4,5,2,2,4,4,2,2,2,4,2,4,2,2,4,4,1,4,4
2,1,2,2,0,1,2,2,4,2,1,3,4,4,3,2,2,3,1,3,3,2,2,4,3,4,4,3,4,1,3,4,4
2,1,2,2,0,6,2,2,3,4,2,2,3,3,3,4,2,2,3,2,1,2,2,4,2,4,3,3,3,4,2,4,3
2,0,2,2,0,6,2,2,2,3,2,2,3,2,2,1,3,2,3,3,2,3,2,3,1,4,3,3,3,3,2,4,3
1,1,2,4,0,6,2,2,1,2,5,4,3,3,4,3,1,4,1,3,1,1,1,4,1,5,3,1,3,2,4,3,3
2,1,2,1,0,1,2,2,2,4,1,4,5,3,4,3,3,3,5,5,5,5,1,5,3,4,4,5,5,5,4,4,4
2,1,2,1,0,6,1,2,4,4,4,4,4,5,5,4,4,4,5,5,4,4,4,5,5,4,4,5,4,4,5,3,5
1,1,2,2,0,6,2,1,1,4,5,4,1,3,3,3,2,4,3,5,4,2,2,3,1,1,3,3,3,1,1,2,2
1,1,2,4,0,6,2,2,2,1,1,1,3,5,2,4,2,2,2,2,2,2,4,4,2,2,2,1,4,2,2,2,4
2,1,2,4,0,2,2,2,4,5,4,4,4,3,4,4,3,4,3,4,4,4,5,4,4,3,2,1,4,3,3,4,4
3,1,5,2,1,4,3,1,2,4,3,3,4,4,3,4,2,3,4,3,2,2,3,3,2,3,2,2,4,2,2,4,3
2,0,5,2,1,3,2,1,3,4,1,2,4,4,3,4,2,2,3,4,2,2,4,4,3,4,2,4,4,2,3,4,4
3,0,5,2,1,4,2,1,2,4,1,2,4,4,2,4,3,2,4,3,2,2,2,3,2,3,2,2,3,2,2,3,3
3,1,5,1,1,5,4,1,5,5,5,5,5,5,1,5,4,3,5,5,1,5,2,5,2,5,5,3,4,5,2,3,5
3,1,5,4,1,5,3,1,2,3,3,3,4,2,2,4,1,4,4,4,2,1,3,4,1,4,1,3,3,2,3,1,3
3,1,5,1,1,5,3,1,3,5,4,4,4,4,2,5,3,4,4,5,1,4,4,5,3,5,1,5,4,2,1,4,5
2,1,1,1,0,1,2,1,3,4,2,3,4,2,4,2,1,2,4,3,2,2,5,1,3,1,4,2,3,1,3,2,2
1,1,1,1,0,6,2,3,1,4,2,3,4,4,4,4,2,3,4,4,2,2,4,4,3,3,4,3,4,3,2,4,4
1,1,1,2,0,6,3,1,2,4,3,1,2,4,2,2,1,2,4,3,1,3,4,4,3,3,4,3,3,2,3,3,3
2,1,1,3,0,6,2,1,5,5,4,4,5,5,4,4,4,4,4,4,4,4,4,4,2,5,4,4,5,4,2,4,4
1,0,1,2,0,6,2,1,2,4,4,4,4,4,2,4,2,2,4,4,2,2,4,4,2,4,2,4,4,4,4,4,4
1,0,1,2,0,6,1,3,2,3,4,1,4,4,2,4,1,2,4,4,2,2,4,4,2,4,1,1,4,2,2,4,4
1,1,1,2,0,6,2,1,4,4,4,1,5,4,3,2,2,4,2,4,2,3,1,4,1,4,3,2,4,4,1,2,5
1,1,1,4,0,6,3,1,4,4,4,4,5,4,4,4,4,4,5,5,4,4,5,4,4,5,5,5,4,5,4,4,5
1,0,1,3,0,6,2,1,3,4,2,3,3,4,3,3,1,2,4,3,1,2,2,3,4,5,1,3,3,2,3,4,3
1,1,1,3,0,6,1,1,3,5,5,3,4,2,4,5,5,4,2,2,3,3,2,2,3,4,4,4,4,4,4,4,4
2,1,1,2,0,6,2,1,1,3,2,2,4,3,4,4,2,4,3,3,2,2,4,3,2,2,4,2,3,3,4,3,4
2,1,1,1,0,6,2,1,4,4,3,3,4,3,4,2,2,4,3,3,4,4,5,4,3,4,4,3,3,4,4,3,4
1,1,1,1,0,6,2,1,2,4,2,1,3,5,2,3,2,2,2,3,2,2,3,3,2,3,2,2,5,2,2,3,3
1,1,1,1,0,1,2,1,3,4,3,3,3,5,4,4,4,3,4,4,4,4,4,4,4,4,4,4,4,4,4,4,4
2,0,1,2,0,6,2,2,1,4,1,2,3,3,3,3,3,3,3,3,3,3,4,3,3,4,3,3,4,3,3,3,4
1,1,1,1,0,6,2,1,2,4,4,4,2,4,3,4,4,2,3,3,4,2,2,3,2,3,3,3,3,2,3,2,3
2,0,1,2,0,6,2,2,2,4,2,2,3,4,1,4,4,2,4,4,4,1,4,4,1,4,2,1,2,4,2,4,4
1,1,1,2,0,6,2,1,3,4,2,3,3,3,3,5,3,3,4,4,2,3,4,4,3,2,3,4,3,2,4,4,3
2,1,1,2,0,6,2,1,4,2,1,4,2,5,2,2,4,4,2,2,2,4,2,2,2,2,4,4,4,4,1,2,4
1,0,1,2,0,6,2,1,2,4,2,2,4,4,2,3,2,2,3,4,1,2,2,1,1,3,2,2,3,1,1,1,1
2,1,1,4,0,6,2,1,2,4,1,2,4,4,4,5,1,4,4,2,1,2,2,4,2,5,1,1,4,2,1,2,4
2,1,1,4,0,6,2,2,1,4,2,2,3,3,1,3,1,1,3,3,1,1,3,3,1,3,1,1,3,1,1,3,3
1,1,1,2,0,6,5,1,2,3,2,2,3,3,5,3,2,2,3,3,2,2,3,4,2,4,2,4,3,1,2,3,3
1,0,1,4,0,6,2,2,2,4,3,2,4,5,4,3,2,2,3,3,1,1,3,2,2,3,2,1,3,2,2,3,2
1,1,1,4,0,6,2,2,2,4,2,2,3,3,2,3,2,2,3,3,2,2,3,3,2,3,2,2,3,2,2,3,3
1,0,1,2,0,6,2,2,2,3,2,2,3,4,2,4,2,2,3,3,3,3,3,4,2,4,2,3,3,3,2,3,4
1,1,1,5,0,6,1,2,4,4,2,2,4,4,4,2,2,4,4,4,4,3,2,5,2,5,3,3,4,4,3,3,4
1,0,1,5,0,6,1,1,3,4,3,1,5,4,4,4,1,1,4,4,1,1,2,4,1,5,2,1,4,3,4,3,3
2,1,1,5,0,6,1,1,2,4,5,3,3,4,4,4,1,2,3,4,1,5,2,3,4,4,4,1,3,1,1,3,3
1,0,1,3,0,1,2,1,4,3,2,2,4,3,3,3,2,3,4,4,3,2,2,3,2,3,2,1,5,3,3,3,4
1,1,1,3,0,6,5,1,3,4,5,3,4,4,5,5,1,2,5,3,5,4,5,5,5,2,4,1,4,4,4,4,5
1,1,1,2,0,6,2,1,2,2,1,2,3,3,3,3,5,3,3,3,3,3,3,2,3,3,3,3,2,2,3,3,2
1,1,1,3,0,6,3,3,3,4,2,1,4,3,4,2,3,3,4,4,4,2,4,4,2,4,4,3,3,2,4,2,4
1,0,1,1,0,6,5,1,3,4,2,3,4,4,2,4,4,3,4,4,2,3,4,4,3,4,3,2,4,2,1,4,4
2,1,1,2,0,6,2,1,3,4,1,4,2,3,1,2,3,1,4,4,4,3,4,1,3,4,2,1,4,3,1,3,4
1,0,1,3,0,6,2,1,2,2,2,3,4,4,2,3,1,3,2,4,3,3,3,3,2,4,3,3,4,3,3,3,3
1,1,1,4,0,6,2,1,2,2,1,2,1,4,1,3,1,1,4,4,3,1,2,1,1,4,1,2,2,1,1,3,4
1,0,1,2,0,6,5,1,1,2,1,2,3,2,3,3,3,1,3,2,2,4,2,3,3,4,3,1,3,4,3,3,3
1,1,1,2,0,6,2,2,2,4,1,2,1,1,3,4,3,4,2,3,4,4,2,3,4,5,5,4,3,3,2,4,1
1,1,1,3,0,3,2,3,3,5,2,4,4,3,4,4,5,5,4,3,3,3,5,2,3,3,3,3,4,3,5,3,4
1,1,1,2,0,6,1,2,3,4,3,3,3,3,1,2,1,1,4,4,1,1,2,3,4,3,3,4,4,4,5,3,3
1,0,1,3,0,6,2,1,3,4,3,3,4,3,3,4,3,3,3,3,3,3,3,3,3,4,3,3,3,3,3,4,4
1,0,1,4,0,6,2,3,3,4,3,3,4,4,3,4,3,3,4,4,3,3,4,4,3,4,3,3,4,3,3,4,4
1,0,1,2,0,6,2,2,1,3,3,2,3,4,3,3,2,2,4,3,3,2,3,3,3,4,3,1,3,3,3,3,4
1,1,1,3,0,1,2,1,3,5,4,3,4,4,2,3,3,2,4,3,2,3,3,3,3,1,2,3,3,3,2,3,2
2,1,1,2,0,6,1,1,4,4,2,2,5,5,4,4,2,2,3,4,4,2,2,4,4,5,4,2,4,4,2,3,4
2,0,1,2,0,6,2,3,1,3,1,2,4,4,2,3,1,1,4,3,1,1,4,4,2,4,1,1,3,1,1,3,4
1,1,1,3,0,1,2,2,4,1,4,2,3,4,3,4,4,4,4,5,4,4,4,4,4,4,3,2,4,4,4,4,4
1,1,1,2,0,6,1,2,2,4,1,1,4,4,3,5,1,1,4,1,1,2,2,5,1,4,1,1,2,3,1,3,1
1,1,1,2,0,6,2,2,3,3,3,3,3,3,3,3,3,3,3,3,3,3,3,3,3,3,3,3,3,3,3,3,3
1,1,1,2,0,6,2,1,4,4,3,4,4,4,4,3,4,4,3,3,4,4,2,4,3,2,3,4,4,3,3,4,3
2,1,1,2,0,6,2,2,3,4,2,3,3,4,3,4,3,4,3,3,4,3,3,4,2,4,4,4,3,4,3,3,3
1,1,1,1,0,6,5,1,3,2,1,3,4,4,2,4,1,4,4,4,1,4,1,5,2,5,2,4,4,4,1,4,5
2,1,1,1,0,1,1,2,5,1,1,4,3,3,5,5,1,4,1,1,3,4,2,5,4,4,4,5,5,4,4,2,3
1,1,1,2,0,6,2,1,1,5,3,4,4,4,3,4,1,2,3,5,2,4,1,4,5,4,2,4,4,4,4,5,4
1,1,1,2,0,6,2,2,2,4,2,3,3,3,2,3,4,3,4,4,3,2,2,3,2,3,1,1,3,1,2,3,3
1,0,1,2,0,6,2,1,1,5,4,1,4,3,3,3,1,4,3,3,3,3,4,3,3,3,3,3,3,3,3,3,3
2,1,1,4,0,6,1,1,1,4,2,1,2,1,4,1,4,4,2,1,1,3,4,4,1,3,3,4,2,2,3,4,2
1,1,1,2,0,6,3,1,2,2,1,2,4,4,1,5,1,3,2,2,1,1,2,5,3,4,2,2,4,1,1,5,4
1,1,1,2,0,6,2,1,1,4,1,4,5,4,3,3,4,1,4,5,3,3,4,4,3,4,2,4,3,2,2,2,4
1,1,1,2,0,1,2,3,3,4,4,2,2,4,2,4,2,3,4,2,4,3,2,2,2,4,3,1,3,4,2,2,3
1,1,1,2,0,6,1,2,1,4,2,2,3,3,2,3,2,2,3,3,2,2,3,3,2,3,2,2,3,2,2,3,3
2,1,1,2,0,6,2,1,4,3,4,1,1,5,2,2,1,4,1,3,1,1,4,2,1,3,2,3,1,2,3,2,3
1,1,1,2,0,6,2,1,3,3,3,3,4,4,3,3,3,3,3,3,3,3,3,3,3,3,3,3,4,4,3,5,5
1,1,1,2,0,6,2,1,3,2,1,3,5,5,2,5,3,3,3,4,1,4,2,4,3,4,3,3,2,3,4,2,4
1,0,1,2,0,6,2,3,2,4,2,1,4,4,4,4,4,4,5,5,2,4,1,4,5,3,4,4,5,4,5,4,5
1,0,1,2,0,6,5,1,4,4,2,3,4,4,2,4,3,3,5,5,2,3,4,4,3,4,3,3,2,3,1,4,4
1,1,1,1,1,2,1,2,3,2,3,2,4,3,3,3,3,4,3,4,3,4,4,4,3,3,3,4,4,2,3,4,2
1,1,1,2,0,6,1,1,1,2,1,1,2,2,3,2,1,3,2,2,1,1,2,2,1,2,1,1,2,1,1,2,2
1,1,1,2,0,6,2,3,3,3,3,2,4,4,3,4,1,2,3,4,1,2,2,5,2,4,2,3,4,2,1,3,4
2,1,1,4,0,6,2,2,2,2,1,1,5,3,4,3,1,4,4,2,2,1,2,4,2,4,1,1,5,1,4,1,4
2,1,1,2,0,6,1,1,3,4,3,3,4,4,3,4,2,3,4,3,2,2,4,4,2,4,2,2,3,2,3,4,2
1,0,1,2,0,6,5,1,2,4,4,2,4,4,2,5,2,2,4,4,2,2,2,3,2,4,2,1,5,2,2,4,5
2,1,1,1,0,6,1,1,3,3,2,2,4,4,5,3,3,4,5,4,4,3,1,1,3,5,4,2,3,3,5,3,5
1,0,1,2,0,6,2,2,4,5,4,3,5,4,4,4,3,3,2,5,1,3,1,1,2,4,3,1,4,4,2,4,4
1,0,1,2,0,6,2,2,4,5,4,2,3,3,5,5,5,4,5,5,4,4,4,4,3,5,5,5,4,4,4,4,5
1,1,1,4,0,6,3,2,1,3,1,2,2,3,3,2,3,4,4,3,2,1,3,2,2,2,1,3,3,1,1,3,4
1,1,1,2,0,6,5,1,1,3,3,3,5,1,3,5,3,3,3,5,5,3,3,2,4,5,3,4,3,3,5,2,3
1,1,1,2,0,6,2,1,2,3,2,3,4,4,2,4,1,3,4,3,3,4,3,4,3,4,2,3,2,4,2,4,4
2,1,1,1,0,6,1,3,4,2,1,4,5,5,4,4,1,4,4,4,1,4,1,5,1,5,4,3,4,2,4,5,2
1,1,1,4,0,6,2,1,4,5,2,3,5,5,4,3,4,5,3,3,1,2,1,3,2,5,3,3,4,3,2,3,2
1,1,1,2,0,6,2,2,3,3,4,3,4,4,3,4,2,3,4,4,3,3,1,4,2,5,2,2,4,3,1,4,4
1,0,1,2,0,6,2,1,3,2,2,1,4,4,2,4,1,2,4,4,1,1,2,4,2,4,2,1,4,1,1,4,4
1,1,1,4,0,6,2,2,2,3,2,2,3,3,1,3,1,2,3,3,2,2,3,3,2,3,2,2,3,2,2,3,3
1,1,1,1,0,6,2,1,2,3,2,2,4,3,2,4,2,2,4,3,2,2,3,4,2,4,2,2,3,2,2,3,3
1,1,1,2,0,6,2,1,4,5,4,1,2,2,2,2,1,3,2,2,1,1,2,2,2,4,1,1,4,2,1,4,4
1,1,1,2,0,6,2,1,2,3,4,5,4,4,4,4,4,1,4,4,3,3,4,4,3,4,3,1,3,3,4,4,4
1,1,1,4,0,6,2,2,2,4,2,2,4,4,2,4,2,3,2,3,2,2,2,4,1,3,2,1,4,2,2,3,4
1,0,1,2,0,6,2,3,1,4,1,2,4,4,4,5,3,4,4,4,3,4,5,5,4,5,4,3,5,4,4,4,5
1,1,1,2,0,6,1,1,3,5,4,2,4,4,4,3,2,2,2,4,1,4,2,4,2,3,2,1,5,2,1,4,5
1,0,1,2,0,6,5,1,2,4,2,2,3,5,4,3,2,3,4,4,1,3,4,4,3,2,3,1,5,4,1,3,4
1,1,1,2,0,2,1,2,1,4,4,3,3,3,3,3,3,3,4,4,4,3,4,4,2,3,4,4,3,3,4,2,3
1,0,1,2,0,1,2,1,1,4,4,3,3,4,3,3,4,3,4,3,3,2,4,4,3,4,3,3,3,3,3,4,3
1,0,1,2,0,6,1,1,2,3,2,2,4,4,3,4,2,3,3,4,2,2,2,4,3,3,2,2,4,2,2,4,4
1,1,1,2,0,6,1,1,2,4,2,3,4,4,4,3,4,3,4,3,2,3,4,4,2,3,4,3,4,3,3,4,4
1,1,1,4,0,6,2,2,4,5,4,1,4,5,4,3,4,3,1,4,3,3,4,4,4,4,4,4,4,4,4,4,3
1,1,1,1,0,1,2,2,4,4,1,4,5,4,5,4,2,3,5,5,4,4,4,3,4,4,5,5,3,4,3,5,4
1,0,1,2,0,6,2,1,4,5,1,4,3,4,3,4,4,4,2,3,5,4,4,5,4,5,5,3,5,5,3,3,3
1,1,1,2,0,6,5,1,2,2,1,2,3,5,2,3,1,2,4,4,2,1,2,1,2,3,2,2,3,2,2,3,3
1,1,1,2,0,6,2,1,3,5,2,4,5,5,2,3,4,3,4,3,4,2,4,3,3,3,2,1,3,3,2,2,1
1,1,1,2,0,6,2,3,2,2,2,1,3,5,2,3,5,2,5,2,1,5,1,5,2,5,2,2,1,1,1,4,1
1,1,1,2,0,6,2,2,3,4,3,2,4,4,3,4,2,2,4,3,1,2,2,5,3,3,3,2,3,3,1,4,4
2,1,1,2,0,6,1,1,2,2,1,3,3,3,2,3,1,3,3,4,1,2,3,2,2,4,1,3,4,2,2,3,4
1,0,1,2,0,6,2,1,2,4,2,2,3,4,2,4,1,3,4,3,1,1,2,5,2,4,2,1,4,1,1,3,4
1,0,1,4,0,6,1,3,2,3,2,2,3,3,2,3,2,2,3,4,1,2,4,3,2,3,2,2,3,2,2,3,4
2,1,1,2,0,6,2,2,2,4,3,4,5,4,5,4,1,4,5,3,2,4,5,4,4,3,4,3,2,1,4,4,5
1,0,1,2,0,6,5,1,2,4,3,3,5,4,4,3,2,4,2,4,4,3,2,3,3,2,3,4,3,2,4,5,4
1,1,1,2,0,6,1,1,5,4,3,2,3,5,4,3,3,3,4,4,4,2,5,5,3,5,5,3,3,3,4,2,5
1,1,1,3,0,6,2,2,1,2,1,1,3,3,1,3,1,1,4,3,2,1,2,2,1,3,1,1,3,1,1,3,3
1,1,1,2,0,6,2,1,1,3,1,1,3,3,2,3,2,2,4,1,3,2,2,3,4,2,2,2,2,2,2,2,3
1,1,1,2,0,6,2,1,1,5,5,2,3,4,4,4,4,3,3,3,3,3,3,3,3,3,4,3,3,3,3,4,4
1,1,1,2,0,6,2,2,1,3,1,3,2,2,1,3,4,2,2,1,2,2,2,1,1,2,2,3,3,2,1,2,3
1,0,1,2,0,6,5,2,3,4,4,3,4,4,2,4,4,2,3,4,1,4,1,4,2,5,2,2,5,4,1,4,5
1,0,1,2,0,6,2,1,2,4,2,1,1,4,4,1,1,2,3,4,1,2,2,4,1,4,1,2,2,4,2,4,5
1,1,1,2,0,6,2,1,5,4,4,4,4,4,4,4,4,4,4,4,4,4,4,4,4,4,4,4,4,4,4,4,4
1,0,1,2,0,6,2,1,3,4,3,2,3,3,3,3,2,3,4,4,3,3,4,3,2,4,2,3,3,3,2,2,4
1,1,1,2,0,5,2,1,2,4,2,2,4,4,2,4,2,2,4,4,2,2,4,4,2,2,2,1,2,2,2,2,3
1,0,1,2,0,6,2,1,3,4,4,3,4,3,3,3,3,3,3,3,3,3,3,3,3,3,3,3,3,3,3,3,3
1,1,1,2,0,6,4,3,3,4,3,5,5,5,4,2,3,4,3,5,5,4,5,5,5,2,4,5,3,2,4,5,5
1,1,1,2,0,6,2,3,4,4,4,2,3,4,2,3,2,2,3,2,3,4,3,3,2,4,4,4,3,2,3,3,2
1,1,1,2,0,6,5,1,3,3,1,2,3,3,1,3,1,2,4,4,1,2,3,1,2,4,2,2,3,2,2,3,3
1,1,1,2,0,1,1,2,2,2,1,2,4,4,3,3,3,2,3,3,3,3,3,3,3,4,4,4,4,3,2,4,3
1,0,1,2,0,6,1,3,2,2,1,2,3,2,2,4,2,2,4,2,4,2,4,4,2,4,1,1,5,4,4,4,4
1,1,1,1,0,1,1,2,1,5,4,2,2,4,2,3,2,4,4,4,5,5,4,4,4,3,4,4,4,4,5,4,5
1,0,1,2,0,6,5,1,1,4,2,1,5,4,4,5,2,2,4,4,2,2,2,4,1,5,2,1,4,2,2,4,4
1,0,1,2,0,6,2,3,1,4,1,4,4,3,2,3,2,2,3,3,2,2,4,4,2,3,1,2,3,1,2,3,3
1,1,1,2,0,6,2,1,2,4,1,2,3,4,2,3,2,3,4,4,1,2,2,3,2,4,4,1,4,2,2,3,4
1,1,1,2,0,6,5,1,2,4,2,3,4,3,3,4,3,3,4,3,2,2,4,4,2,3,2,3,3,2,3,3,5
1,0,1,2,0,6,5,2,3,4,3,3,4,4,3,4,3,3,4,3,2,3,4,4,4,4,3,2,3,4,1,4,4
1,0,1,4,0,6,2,1,2,3,3,2,4,4,3,4,3,3,4,3,3,3,2,3,3,4,4,3,4,3,2,3,4
2,1,1,1,0,6,2,1,1,4,3,3,5,4,3,4,3,3,4,4,1,4,2,5,1,5,4,3,4,5,1,4,5
1,0,1,4,0,6,2,1,3,4,2,3,4,1,4,4,3,4,4,3,3,3,4,4,3,1,4,4,4,4,4,4,1
2,1,1,1,0,6,2,1,2,1,1,1,5,5,1,1,1,4,1,1,2,1,1,1,1,2,1,1,1,1,1,1,1
2,0,1,2,0,6,2,1,1,4,2,2,3,3,1,3,2,2,4,3,2,2,3,3,2,4,2,2,4,2,1,4,3
1,1,1,1,0,6,2,1,3,4,4,3,5,3,4,4,3,4,5,4,2,3,3,4,2,2,4,4,4,3,2,4,4
1,0,1,2,0,6,3,1,3,3,2,2,4,4,3,4,3,3,4,2,3,3,2,5,2,5,4,3,4,2,3,4,4
1,1,1,2,0,2,1,1,4,4,3,4,5,4,4,3,2,4,2,5,4,5,1,5,2,4,1,1,5,4,2,3,5
1,1,1,2,0,6,1,1,2,4,2,2,4,2,2,4,2,2,4,4,2,2,4,2,2,4,4,4,4,2,2,4,4
1,1,1,1,0,6,2,3,4,1,4,4,5,4,5,5,4,4,4,4,5,4,1,5,2,2,5,3,5,4,5,5,5
2,1,1,1,0,6,2,1,4,4,3,4,4,3,2,3,3,3,3,2,2,3,1,2,2,4,3,1,4,3,1,2,3
1,1,1,2,0,6,2,1,2,4,4,4,4,4,4,3,4,2,4,2,4,3,4,4,3,4,4,3,2,4,3,4,2
1,1,1,2,1,2,5,2,4,4,4,3,5,4,4,4,4,4,5,4,3,3,2,2,3,3,4,4,5,5,2,1,3
1,0,1,2,0,6,2,3,3,4,1,3,4,5,2,2,2,1,2,3,3,2,1,1,3,5,3,1,4,5,1,4,5
1,0,1,2,0,6,1,2,4,4,5,3,5,5,3,4,3,3,4,4,1,4,2,3,3,5,2,1,5,4,1,4,3
1,0,1,2,0,6,2,1,1,4,2,1,2,4,2,4,1,2,3,4,1,1,2,2,1,4,1,1,1,1,1,1,1
2,0,1,2,0,6,5,2,3,4,2,3,4,4,3,4,1,5,4,4,2,2,4,4,3,4,3,1,4,2,1,4,4
1,0,1,2,0,6,1,1,2,3,2,2,4,4,3,3,1,2,3,4,1,1,3,3,1,4,2,2,3,2,3,3,3
1,0,1,2,0,6,2,1,2,4,2,3,4,3,2,4,2,2,4,5,1,2,2,2,2,5,3,1,5,3,1,4,4
1,0,1,2,0,6,1,1,1,4,5,1,2,4,1,2,1,2,3,2,1,1,2,2,1,2,1,1,2,2,1,2,2
1,1,1,1,0,6,1,1,4,3,2,4,5,5,3,4,3,3,4,3,1,2,2,3,3,4,3,3,3,2,1,3,4
1,1,1,4,0,6,5,1,3,3,2,4,5,4,3,3,2,3,3,2,3,3,3,3,3,2,1,3,4,3,2,5,3
1,1,1,2,0,6,5,3,2,3,2,3,4,3,4,3,3,3,4,4,2,3,3,4,2,4,3,2,3,3,3,4,3
2,1,1,2,0,6,5,1,2,3,1,1,3,3,2,3,1,1,3,3,1,1,3,3,1,3,1,1,3,1,1,3,3
1,1,1,4,0,6,3,2,3,4,1,1,3,1,4,3,1,1,4,3,4,1,1,1,1,3,1,2,1,1,1,1,1
1,1,1,2,0,6,5,1,4,4,3,2,4,4,3,2,1,2,4,3,2,2,1,2,2,4,3,1,3,1,1,1,2
1,0,1,4,0,6,1,2,2,4,2,1,5,4,2,3,2,2,4,4,1,1,3,2,3,3,4,2,4,4,4,4,4
1,0,1,2,0,6,5,3,4,2,4,3,5,5,4,4,2,4,4,5,1,2,4,4,5,5,3,2,4,3,2,2,5
1,0,1,2,0,6,1,2,4,4,4,2,4,4,4,4,1,3,4,5,4,4,4,4,4,4,4,4,4,4,4,4,3
2,1,1,1,0,6,4,1,5,5,5,5,4,5,5,5,5,5,5,5,5,5,5,5,5,5,5,5,5,5,5,5,5
1,1,1,1,0,1,1,1,4,2,1,3,4,5,4,4,2,4,2,4,2,1,2,5,2,4,3,5,4,2,3,1,5
1,1,1,1,0,6,2,2,2,5,3,2,5,5,2,3,3,4,4,4,4,5,4,4,3,5,2,1,4,3,2,2,5
1,1,1,1,0,6,5,1,2,4,2,3,5,4,3,4,4,4,4,4,4,3,2,3,2,5,3,3,4,3,1,3,3
1,0,1,2,0,6,2,2,2,4,2,1,4,4,1,4,1,3,4,3,1,1,4,3,1,4,2,2,3,2,1,4,4
1,0,1,2,0,6,4,1,3,4,3,3,5,4,4,4,1,3,4,4,2,4,2,4,3,4,3,2,4,4,3,4,5
2,1,1,1,0,1,2,1,5,4,3,3,4,2,4,4,3,5,4,2,4,3,4,2,3,3,1,2,4,3,2,2,2
1,1,1,1,0,6,5,1,1,2,2,1,2,4,2,2,4,3,4,3,2,2,2,2,2,4,3,1,3,5,1,4,4
1,0,1,2,0,6,2,2,3,4,3,3,4,4,3,5,4,4,4,4,3,4,4,3,1,4,3,3,5,4,3,4,4
1,0,1,2,0,6,2,3,1,3,1,1,4,3,1,3,1,1,4,3,1,1,3,3,1,3,2,1,3,2,1,3,4
1,1,1,1,0,6,2,2,3,2,1,4,3,4,2,3,3,4,4,2,3,3,3,3,3,3,3,3,3,3,3,3,3
2,1,1,2,0,6,1,1,3,4,3,3,4,4,4,4,1,3,4,3,2,3,3,4,1,4,4,1,4,3,1,3,4
1,1,1,2,0,6,3,2,2,4,2,2,2,3,2,2,2,2,3,2,3,4,4,3,2,4,2,3,2,2,2,2,2
1,1,1,2,0,6,2,1,1,4,5,1,1,4,4,4,3,4,2,4,3,1,2,4,1,1,1,1,1,1,1,1,1
1,1,1,2,1,2,2,2,2,2,1,1,2,1,1,2,1,1,3,3,1,1,2,2,1,2,2,2,1,1,1,1,3
1,1,1,4,0,6,1,2,4,3,2,3,4,5,3,3,2,4,2,3,3,2,3,2,3,3,4,3,3,2,3,2,4
1,0,1,2,0,6,2,1,2,3,2,1,3,3,2,3,1,1,3,3,2,1,3,3,2,3,2,1,4,3,1,3,3
1,1,1,2,1,1,1,3,3,4,2,3,4,4,3,3,4,3,4,4,2,2,2,3,3,4,3,2,4,3,2,2,3
1,1,1,1,0,6,2,2,3,2,1,3,3,3,3,3,2,4,4,3,1,3,1,2,1,4,3,3,4,2,1,2,4
1,1,1,3,0,6,5,1,3,3,1,3,5,5,3,3,2,3,3,4,2,1,4,5,3,4,3,3,4,1,4,3,5
1,1,1,2,0,6,1,2,2,4,2,2,4,4,3,3,4,3,4,3,1,2,3,3,1,5,1,1,3,4,3,3,4
1,1,1,2,0,6,2,1,3,2,1,3,4,4,3,3,1,3,4,3,1,1,2,3,2,4,1,3,3,3,1,3,4
1,1,1,2,0,6,2,1,4,2,1,4,5,4,4,3,1,4,4,4,2,3,4,4,3,5,4,4,5,3,4,3,4
1,1,1,1,0,6,2,1,4,2,1,4,4,4,4,3,4,4,5,3,4,4,1,4,1,4,4,3,3,4,2,4,4
1,1,1,2,0,6,2,3,2,4,3,3,2,5,3,2,3,3,2,2,3,3,1,1,1,1,1,1,1,1,1,1,1
1,1,1,1,0,6,5,1,5,5,4,3,4,3,2,5,3,3,4,4,1,3,1,4,2,4,3,1,3,3,1,2,4
1,1,1,5,0,6,2,2,3,4,2,3,4,5,3,3,2,4,5,4,1,4,1,4,1,5,3,1,3,2,1,3,5
1,0,1,1,0,6,2,1,2,3,2,2,3,4,3,3,2,2,3,2,2,2,2,3,2,4,2,2,3,2,2,3,4
2,1,1,4,0,6,2,1,3,4,2,3,4,4,3,4,2,3,4,3,2,1,2,4,3,5,4,3,4,2,3,4,4
1,0,1,4,0,6,5,2,1,4,1,4,3,3,1,3,1,2,4,3,2,1,2,4,1,5,4,1,5,4,1,5,5
2,1,1,1,0,6,5,3,2,1,1,4,5,5,5,3,4,4,5,4,1,3,1,4,2,3,5,4,5,4,1,1,4
1,1,1,1,0,6,1,3,2,4,3,3,4,5,4,4,2,3,4,3,1,2,4,4,2,4,2,1,4,3,2,4,4
1,0,1,2,0,6,2,1,1,2,2,2,4,3,1,3,1,1,2,3,1,1,2,2,1,3,1,3,3,2,2,3,3
1,1,1,2,0,6,2,1,5,4,2,5,5,5,3,3,5,5,4,4,2,2,1,4,3,4,5,4,4,3,1,3,5
1,1,1,4,0,2,2,2,2,2,1,3,4,3,3,4,2,3,4,5,1,3,1,4,2,4,2,1,3,2,1,3,4
1,1,1,1,0,6,2,1,3,4,3,4,5,4,4,3,4,4,4,4,3,4,3,4,4,4,4,3,3,4,3,3,4
1,1,1,2,0,6,5,1,1,3,2,2,4,4,2,4,3,2,4,4,4,2,3,3,2,4,2,3,3,4,3,3,3
1,0,1,2,0,6,2,2,1,4,4,4,4,4,5,4,1,3,4,4,1,5,2,3,3,4,3,1,4,5,1,4,5
1,1,1,4,0,6,1,2,2,4,2,2,4,3,2,5,2,2,2,2,2,2,2,3,1,4,2,3,3,3,3,2,4
1,1,1,4,0,6,1,2,2,4,3,2,4,4,3,3,2,3,4,3,2,2,2,3,1,4,2,2,3,2,2,2,2
1,1,1,2,0,6,5,1,3,4,4,2,2,3,2,3,4,2,3,1,1,2,3,3,3,1,2,2,2,2,3,2,2
2,1,1,1,0,6,2,2,3,4,4,1,2,2,3,2,4,1,3,3,1,3,1,4,3,1,4,4,2,2,2,3,3
1,1,1,2,0,6,5,2,2,2,2,3,4,3,3,2,2,3,4,3,1,1,1,3,3,5,4,3,4,3,1,3,5
1,0,1,2,0,6,2,2,2,3,2,1,3,4,2,4,1,2,4,4,1,3,1,1,3,5,2,2,3,1,2,3,2
1,1,1,1,0,6,2,2,3,1,1,1,3,4,2,3,1,1,3,3,1,1,3,1,2,5,1,5,3,2,1,1,4
1,1,1,2,0,6,2,1,2,4,2,4,4,4,2,4,1,4,4,4,1,2,2,2,1,4,4,1,4,2,1,4,5
1,1,1,1,0,6,2,3,3,1,1,3,4,4,4,4,3,3,4,4,3,3,4,4,3,4,3,3,4,3,3,4,4
1,1,1,4,0,6,5,2,2,2,1,4,3,3,4,3,1,3,2,2,4,2,2,1,1,3,3,2,2,2,2,2,1
1,1,1,1,0,6,2,1,3,4,3,5,5,5,4,4,2,4,3,4,2,2,2,5,3,4,3,2,4,2,3,3,5
2,1,1,1,0,6,2,2,3,3,2,4,4,3,3,3,3,3,3,3,3,3,3,3,3,3,3,3,3,3,3,3,3
2,1,1,3,0,6,1,2,4,4,5,2,3,4,4,5,4,4,2,3,2,3,2,3,3,5,4,4,4,5,2,4,4
1,1,1,2,0,6,1,3,2,4,4,4,2,4,2,4,1,2,3,5,3,4,4,4,4,4,2,2,5,5,5,4,5
1,1,1,5,0,6,1,2,3,4,3,4,4,5,3,3,3,4,4,4,3,2,4,3,3,5,4,1,4,5,2,3,4
1,1,1,1,0,6,2,2,2,4,1,2,3,4,4,4,2,4,4,4,1,2,2,4,2,4,2,2,3,2,2,5,5
2,1,1,2,0,6,3,2,2,4,1,5,5,5,4,5,3,5,4,4,2,2,4,4,3,5,4,3,4,3,2,4,5
2,1,1,1,0,6,2,1,4,3,3,4,2,3,1,1,4,1,3,2,2,4,4,4,4,3,3,1,4,3,3,3,3
1,0,1,1,0,6,5,1,4,2,3,3,5,5,4,1,2,4,2,5,1,5,1,5,1,5,2,4,4,5,1,1,5
2,1,1,3,0,1,5,1,3,4,2,4,4,5,4,4,2,4,4,4,4,2,2,4,2,5,2,2,4,4,4,4,4
1,1,1,1,0,6,2,1,3,2,1,3,5,5,4,3,3,4,4,3,4,3,2,3,3,4,4,3,3,3,3,3,3
1,0,1,2,0,6,2,2,5,4,4,4,4,4,1,5,1,4,4,4,1,1,4,4,1,4,1,1,4,4,1,4,4
1,1,1,2,0,6,2,1,3,2,2,4,4,4,1,4,5,1,4,4,5,4,4,5,5,4,4,5,5,5,1,5,5
1,1,1,2,1,1,4,2,3,4,1,3,5,5,2,4,2,4,4,4,4,4,2,5,2,5,4,3,4,4,3,5,3
2,1,1,2,0,6,5,3,4,5,4,4,4,4,4,4,4,4,4,4,4,4,4,4,4,4,4,4,4,4,4,4,4
1,1,1,1,0,6,2,2,4,4,2,4,4,4,4,4,2,4,3,3,1,3,1,3,1,4,2,3,3,3,1,3,3
2,1,1,1,1,2,3,1,3,3,1,1,4,4,3,2,3,2,3,4,4,2,1,4,2,4,3,2,4,3,3,2,3
1,1,1,1,0,6,5,2,2,4,3,1,4,4,3,4,3,3,4,4,4,4,4,4,4,3,3,3,3,3,4,3,4
2,1,1,1,0,6,2,1,3,4,3,2,4,5,1,1,3,3,4,4,3,3,1,4,1,4,3,1,4,3,1,4,4
1,1,1,2,0,6,2,2,4,4,2,4,3,4,3,4,3,3,4,3,1,2,2,3,2,4,1,2,2,2,1,3,3
1,1,1,2,0,6,2,2,1,2,1,4,4,5,3,2,2,3,2,5,1,2,2,5,1,1,2,2,5,1,2,2,3
1,0,1,2,0,6,5,1,2,2,2,2,5,5,5,5,2,5,5,4,4,1,3,4,2,5,4,2,4,2,2,3,4
1,0,1,4,0,6,1,1,3,4,5,4,4,4,4,4,2,4,4,4,1,1,4,4,2,4,4,2,5,1,2,4,4
2,1,1,4,0,6,2,1,3,4,4,2,4,4,1,4,3,3,3,3,1,4,1,3,2,4,2,1,4,4,1,4,4
2,1,1,1,0,6,2,1,5,4,2,4,4,4,3,4,4,4,4,4,4,3,2,4,4,4,4,4,4,3,2,4,4
1,0,1,3,0,6,2,1,4,4,4,1,3,4,1,4,1,2,4,1,2,4,2,4,4,4,2,4,2,1,1,2,1
1,0,1,3,0,6,3,2,2,4,3,1,3,4,2,3,1,1,3,3,5,2,3,3,3,3,1,4,3,4,2,3,3
1,0,1,3,0,6,2,1,4,5,2,1,3,4,2,3,1,1,3,3,2,2,3,3,4,3,2,4,3,4,2,3,3
1,1,1,4,0,6,2,2,4,3,4,2,5,3,4,5,2,4,4,2,4,4,1,5,5,3,3,2,4,4,3,4,2
1,1,1,4,0,6,5,1,2,3,3,3,3,3,2,3,2,3,3,3,1,1,3,3,1,3,3,1,3,2,1,3,3
1,1,1,4,0,2,5,1,3,5,5,3,3,5,2,4,4,3,3,5,3,4,1,4,3,5,5,3,5,3,1,4,5
2,1,1,4,0,6,5,2,2,4,4,4,4,4,2,3,1,2,4,3,1,1,4,3,2,4,2,1,2,5,2,3,4
1,1,1,4,0,6,1,2,2,4,2,2,4,4,2,2,3,3,4,3,2,2,2,4,2,4,2,2,3,4,3,4,4
1,0,1,4,0,2,2,2,3,3,2,4,4,4,3,3,3,3,3,3,4,3,3,3,3,3,2,3,3,4,3,3,3
1,1,1,1,0,6,2,3,3,4,2,2,1,4,4,1,1,1,2,1,1,1,2,3,1,5,2,2,2,2,1,1,3
1,1,1,1,0,6,1,2,3,2,3,1,4,4,2,4,2,3,4,3,1,3,2,4,1,4,1,1,4,3,1,2,1
1,1,1,1,0,6,3,1,5,2,1,4,2,4,5,1,5,5,4,3,1,1,1,4,2,5,2,5,4,4,1,1,4
1,1,1,2,0,6,2,3,1,4,4,2,3,4,4,3,1,2,4,3,1,1,1,3,1,4,1,2,3,1,1,3,3
1,1,1,2,0,3,2,2,2,4,2,2,2,4,2,4,2,2,4,4,2,2,4,4,2,4,2,2,4,2,2,4,3
1,1,1,2,1,3,2,2,4,5,4,1,5,4,4,4,2,3,4,4,3,2,4,5,3,5,2,5,2,3,2,1,5
1,1,1,2,0,6,2,2,2,3,1,3,4,3,3,3,1,2,3,3,2,1,3,3,2,3,2,2,3,2,2,3,4
1,1,1,2,0,6,1,2,3,4,2,2,4,5,2,4,1,2,3,3,1,2,2,4,2,4,2,2,4,2,2,4,4
1,1,1,2,0,6,2,2,2,2,2,3,4,4,2,4,2,3,4,4,2,2,2,4,3,4,3,2,4,3,1,4,4
1,0,1,2,0,6,2,2,2,2,4,4,1,5,1,3,1,3,3,4,1,2,2,4,2,3,2,2,4,3,2,4,3
2,1,1,2,0,6,3,1,2,4,2,1,2,5,2,2,1,2,1,1,1,1,1,2,3,5,1,2,4,1,1,1,4
1,1,1,2,0,6,2,3,3,4,4,3,3,4,2,4,1,2,4,3,1,3,2,3,3,4,2,2,3,3,4,3,3
2,1,1,1,0,6,2,2,2,2,1,3,4,4,3,3,1,3,4,3,2,2,3,4,2,5,3,3,4,4,1,1,4
2,1,1,1,0,6,5,1,3,3,1,3,4,4,4,3,3,3,4,2,2,3,1,2,1,5,3,3,4,4,1,1,4
2,1,1,1,0,1,3,1,2,4,4,3,3,4,2,1,1,4,3,3,2,3,1,3,2,4,4,1,3,3,1,3,4
1,1,1,1,0,6,3,1,3,2,2,4,4,5,4,4,2,4,4,4,1,4,1,5,2,5,2,2,5,4,1,2,5
1,1,1,1,0,6,2,2,4,4,1,3,4,4,5,4,1,4,4,4,1,1,2,4,1,5,2,1,4,2,1,4,4
2,1,1,1,0,6,1,1,2,2,2,3,4,4,4,4,3,2,4,5,1,2,2,4,2,5,2,2,4,4,1,4,4
1,1,1,1,0,6,2,2,2,4,2,1,5,5,2,5,1,3,5,3,2,2,5,5,2,4,3,1,5,3,2,3,5
1,1,1,1,0,6,3,1,3,4,3,5,5,3,3,3,1,3,5,3,5,1,3,3,3,3,1,1,3,3,3,4,3
1,1,1,1,0,6,3,1,3,3,3,4,3,3,2,4,2,3,4,3,2,2,3,3,2,4,3,2,4,2,2,3,3
2,1,1,4,0,6,3,2,3,4,3,3,4,4,2,2,3,3,4,4,2,2,1,4,2,2,2,3,4,3,1,4,4
1,1,1,1,0,6,1,1,4,2,2,2,3,4,2,4,2,2,4,2,2,2,1,4,2,2,2,2,4,2,2,3,4
1,1,1,1,0,6,3,2,3,3,1,2,3,3,4,3,1,2,4,3,1,2,4,3,2,4,2,2,3,2,2,3,4
1,1,1,1,0,6,5,2,2,3,1,2,4,4,3,3,3,4,4,5,1,4,2,2,1,5,3,1,4,2,2,3,4
1,1,1,1,0,6,1,1,1,2,1,1,4,1,2,3,2,2,3,3,2,3,3,4,4,4,2,3,3,3,3,3,3
1,1,1,1,0,6,2,1,2,4,2,1,3,4,2,3,2,1,3,4,2,1,4,2,1,4,2,1,2,2,2,3,3
1,0,1,1,0,6,2,3,2,4,2,1,3,4,1,3,2,1,3,4,2,1,1,2,1,5,2,1,2,3,2,3,3
1,1,1,1,0,6,3,1,2,3,1,3,3,4,4,3,2,2,3,3,2,2,3,4,2,3,2,3,2,2,2,3,4
1,1,1,1,0,6,3,1,2,3,4,3,3,5,4,1,5,3,5,1,3,3,1,5,3,2,2,2,3,3,2,4,1
1,1,1,1,0,6,5,2,2,4,4,2,4,4,2,3,3,3,3,2,4,4,2,4,3,4,5,3,2,3,2,4,2
1,1,1,1,0,6,1,2,2,3,1,1,4,4,1,2,1,2,4,4,1,2,2,4,1,4,1,2,4,2,1,4,4
1,1,1,1,0,6,2,2,2,3,2,4,4,3,4,3,1,4,3,4,2,1,4,3,2,4,2,3,4,2,2,3,3
1,1,1,1,0,6,1,2,2,4,5,2,4,4,4,4,1,3,4,4,2,2,2,4,3,4,4,3,4,4,2,4,4
1,0,1,1,0,6,2,2,2,4,5,3,4,5,4,4,4,4,4,4,3,4,1,5,3,5,5,1,5,5,2,5,5
1,1,1,1,0,6,5,1,3,4,2,5,5,4,2,3,2,5,5,5,1,2,1,4,2,5,4,4,4,3,1,4,5
1,1,1,1,0,6,3,1,4,4,4,2,5,5,5,3,2,5,4,5,1,3,4,4,4,4,5,5,3,4,4,5,5
1,1,1,1,0,6,5,1,2,1,2,3,5,4,2,5,5,5,2,5,2,3,3,4,4,4,5,5,3,4,4,5,5
1,1,1,1,0,6,2,1,3,4,2,5,5,4,4,4,1,4,2,4,4,4,4,4,3,4,4,3,4,4,4,3,4
1,1,1,1,0,6,2,1,2,4,2,3,3,5,3,5,3,1,3,3,1,3,1,4,2,4,2,1,3,2,1,3,4
1,1,1,1,0,6,3,1,2,2,2,1,1,3,1,2,2,1,2,2,1,1,2,3,2,4,5,4,4,2,1,1,1
1,1,1,1,0,6,2,1,2,4,1,2,4,4,4,4,2,4,2,5,1,2,2,4,1,4,4,4,3,4,1,2,4
1,1,1,1,0,6,2,1,3,4,3,4,4,4,4,4,2,4,4,5,3,3,4,4,3,4,3,3,4,3,4,4,4
1,0,1,1,0,6,2,2,2,4,2,2,4,4,2,2,3,2,4,3,2,3,1,3,2,5,3,1,3,4,2,3,4
1,1,1,1,0,6,2,2,3,4,2,4,3,4,2,3,2,3,4,4,1,2,2,2,2,5,4,2,4,2,1,4,3
1,1,1,1,0,6,3,1,4,4,2,4,4,4,3,4,2,4,5,4,2,3,2,4,2,4,2,1,3,4,2,1,4
1,1,1,1,0,6,2,1,2,2,2,2,4,4,4,5,1,4,4,5,1,2,3,5,4,5,2,1,5,2,1,4,5
1,1,1,1,0,6,2,2,2,4,1,2,3,4,2,2,1,1,3,3,1,1,4,3,1,2,1,1,1,2,1,3,3
1,1,1,1,0,6,2,1,1,5,1,4,3,4,4,4,1,2,1,3,1,1,4,5,1,4,2,4,4,1,1,4,4
1,1,1,1,0,6,2,1,3,4,5,4,4,5,5,4,4,4,2,3,1,4,2,3,2,4,4,4,4,4,1,2,5
1,1,1,1,0,6,1,3,3,3,1,4,4,4,4,3,1,3,3,4,3,1,3,3,3,5,2,2,4,4,1,3,4
1,1,1,1,0,6,1,3,3,3,3,2,3,4,3,3,1,3,3,2,1,2,1,4,2,5,2,2,4,4,1,4,5
1,1,1,1,0,6,2,1,1,5,4,4,3,4,4,4,1,4,3,3,1,4,4,5,1,4,2,4,4,1,1,3,4
1,1,1,1,0,6,1,3,1,4,5,4,3,4,3,3,1,4,5,4,2,4,3,5,4,4,2,2,4,2,2,4,4
1,1,1,1,0,6,2,1,4,4,3,4,4,5,4,4,4,3,5,3,1,2,1,4,1,5,2,4,4,2,1,4,4
1,1,1,1,0,6,2,1,4,4,2,4,3,5,4,3,4,1,3,3,4,3,3,3,3,3,3,3,3,3,2,3,3
1,0,1,2,0,6,3,1,2,5,3,2,3,4,5,3,1,3,2,5,2,2,2,4,4,5,2,1,5,4,2,5,4
